insert into `resource`(id,name) values(1,"ХВС"),(2,"ГВС"),(3,"ТЕПЛО"),(4,"ГАЗ"),(5,"ЭЛЕКТРИЧЕСТВО"),(6,"СИСТЕМА"),(7,"БЕЗ ПРИВЯЗКИ К РЕСУРСУ");

insert into rvariable(id,name,alias,mask_type) values(1,"температура","T","f"),(2,"объем","V","f"),(3,"масса","m","f"),(4,"давление","P","f"),(5,"тепловая энергия","Q","f"),(6,"время","t","t"),(7,"объем потр. э/э","E","f"),(8,"мощность","W","f"),(9,"ошибки","err","a"),(10,"код функции","Code","code"),(11,"тип архива","TypeArch","type_arch"),(12,"время архива","TimeArch","time_arch"),(13,"объем потр. реак","R","f"),(14,"Версия протокола передачи","ProtoVR","proto_vr"),(15,"Заводской номер конечного устройства","NodeSerialNum","node_serial_num"),(16,"Версия ПО","SoftVersion","soft_version"),(17,"Исполнение прибора (полное)
Идентификатор электронного паспорта
","InDevType","in_dev_type"),(18,"Флаги поддерживаемых типов архивов","ArchAllowed","arch_types"),(19,"Расчетный ресурс элемента питания, %","BatLevel","bat_level"),(20,"Идентификатор исполнения подключенного устройства
Идентификатор электронного паспорта
","InDevType2","in_dev_type2"),(21,"Заводской номер подключенного устройства","Serial","serial_dev"),(22,"Единица измерения подключенного устройства","Unit","unit"),(23,"Сдвиг часов между конечным устройством и подключенным устройством","DeltaNSN","delta_nsn"),(24,"Флаги статуса связи","ConStatusFlags","con_status_flags"),(25,"Маска флагов событий выхода на связь","EventMaskFlags","event_mask_type"),(26,"Время конечного устройства","DevTime","dev_time"),(27,"Часовой пояс","TimeZone","time_zone"),(28,"Смещение выхода на связь от начала суток конечного устройства","OffsetTime","offset_time"),(29,"Период выхода на связь конечного устройства","TxPeriod","tx_period"),(30,"Флаги типов передаваемых архивов","ArchFlags","arch_flags"),(31,"Число передаваемых пакетов","MainMsgCnt","main_msg_cnt"),(32,"Код пакета","MMsg","mmsg"),(33,"Разность между часами конечного устройства и часами сервера точного времени","DeltaTime","delta_time"),(34,"Modbus адрес подключенного устройства","ModBusAddr","mod_bus_addr"),(35,"Дата отчетного периода","RepDate","rep_date"),(36,"Параметры подключения","JoinParams","join_params"),(37,"Частота 2-го окна приема","DN2Freq","dn2_freq"),(38,"Порт","Port","port"),(39,"Число попыток передачи","TxAtts","tx_atts"),(40,"Параметры адаптации скорости","ADRparam","adr_param"),(41,"Управляющие флаги","CFlags","cflags"),(42,"Нештатные ситуации в приборе","LogCode","log_code"),(43,"Время прибора","ImplementTime","implement_time");

insert into rvalue(id,name,resource_id,note,rvariable_id,unit_id) values
(1,"T1",3,"температура подачи теплоносителя",1,2),(2,"T2",3,"температура  теплоносителя на выходе",1,2),(3,"∆T",3,"разница температуры",1,2),(4,"V1",3,"объем теплоносителя, поступившего по подающему трубопроводу",2,4),(5,"m1",3,"масса теплоносителя, полученного по подающему трубопроводу",3,6),(6,"V2",3,"объем теплоносителя, возвращенного по обратному трубопроводу",2,4),(7,"m2",3,"масса теплоносителя, возвращенного по обратному трубопроводу",3,6),(8,"∆V",3,"разница между объемами, прошедшими через подающий и обратный трубопроводы",2,4),(9,"∆m",3,"разница между массами, прошедшими через подающий и обратный трубопроводы",3,6),(10,"P1",3,"давление в  подающем трубопроводе",4,8),(11,"P2",3,"давление в  обратном трубопроводе",4,8),(12,"Q1",3,"тепловая энергия, полученная по подающему трубопроводу",5,11),(13,"Q2",3,"тепловая энергия, возвращенная по обратному трубопроводу",5,11),(14,"∆Q",3,"количество потребленной тепловой энергии",5,11),(15,"tA",3,"время штатной работы узла учета",6,17),(16,"err",3,"ошибки",9,null),(17,"T1",1,"температура горячей воды в  подающем трубопроводе",1,2),(18,"V1",1,"объем теплоносителя, поступившего по подающему трубопроводу",2,4),(19,"P1",1,"давление в  подающем трубопроводе",4,8),(20,"tA",1,"время наработки",6,17),(21,"T",2,"температура холодной воды",1,2),(22,"∆V",2,"объем",2,4),(23,"P",2,"давление",4,8),(24,"tA",2,"время наработки",6,17),(25,"V1",4,"объем в рабочих условиях",2,4),(26,"V2",4,"объем в стандартных условиях",2,4),(27,"Pср",4,"среднее давление за интервал времени",4,8),(28,"Pоткл",4,"отклонение давления от среднего",4,8),(29,"tA",4,"время наработки",6,17),(30,"E1",5,"объем потребления по дневному тарифу",7,15),(31,"E2",5,"объем потребления по ночному тарифу",7,15),(32,"W",5,"мощность (средняя за интервал времени)",8,null),(34,"err",1,"ошибки",9,null),(35,"err",2,"ошибки",9,null),(36,"tA",5,"время наработки",6,null),(38,"T2",1,"температура горячей воды в  обратном трубопроводе",1,2),(39,"P2",1,"давление в  обратном трубопроводе",4,8),(40,"Q1",1,"тепловая энергия, поступившая по подающему трубопроводу",5,11),(41,"Q2",1,"тепловая энергия, поступившая по обратному трубопроводу",5,11),(42,"∆Q",1,"количество потребленной тепловой энергии",5,11),(43,"V2",1,"объем теплоносителя, поступившего по обратному трубопроводу",2,4),(44,"∆V",1,"разница между объемами, прошедшими через подающий и обратный трубопроводы",2,4),(45,"m1",1,"масса теплоносителя, поступившего по подающему трубопроводу",3,6),(46,"m2",1,"масса теплоносителя, возвращенного по обратному трубопроводу",3,6),(47,"∆m",1,"разница между массами, прошедшими через подающий и обратный трубопроводы",3,6),(48,"E3",5,"объем потребления по ночному тарифу",7,15),(49,"E",5,"общий объем потребления",7,15),(50,"Tmin1",2,"Время, в течение которого фактический массовый расход теплоносителя был меньше допустимого.",6,17),(51,"Tmax1",2,"Время, в течение которого фактический массовый расход теплоносителя был больше допустимого.",6,17),(52,"Tdt1",2,"время, в течение которого разность температур  была меньше допустимой нормированной разности температур для теплосчетчика",6,17),(53,"Tф1",2,"время действия любой неисправности средств измерений, которые делают невозможным измерение тепловой энергии",6,17),(54,"Tэп1",2,"время отсутствия электропитания",6,17),(55,"Q1min",3,"количество тепловой энергии за период, в течение которого объемный расход пара был меньше допустимого минимального значения",3,11),(56,"Q1max",3,"количество тепловой энергии за период, в течение которого объемный расход пара был больше допустимого максимального значения",3,11),(57,"Q2min",3,"количество тепловой энергии за период, в течение которого объемный расход пара был меньше допустимого минимального значения",3,11),(58,"Q2max",3,"количество тепловой энергии за период, в течение которого объемный расход пара был меньше допустимого минимального значения",3,11),(59,"Tmin1",3,"Время, за которое расход воды был менее нижней границы",6,17),(60,"Tmax1",3,"Время, в течение которого фактический массовый расход теплоносителя был больше допустимого.",6,17),(61,"Tф",1,"Время действия нештатной ситуации, связанной с отказом ПУ",6,17),(62,"Tф",3,"Время действия нештатной ситуации, связанной с отказом ПУ",6,17),(63,"Tdt",3,"Время действия нештатной ситуации при разности температур менее 3 град С",6,17),(64,"Tэп",3,"Время отсутствия внешнего питания",6,17),(65,"Tmin",1,"Время, за которое расход воды был менее нижней границы",6,17),(66,"Tmax",1,"Время, в течение которого фактический массовый расход теплоносителя был больше допустимого.",6,17),(67,"Tdt",1,"Время действия нештатной ситуации по разнице температуры.",6,17),(68,"Tэп",1,"Время отсутствия внешнего питация",6,17),(69,"R1",5,"объем потребления реактивной энергии по тарифу1",13,19),(70,"R2",5,"объем потребления реактивной энергии по тарифу2",13,19),(71,"R3",5,"объем потребления реактивной энергии по тарифу3",13,19),(72,"R",5,"общий объем потребления реактивной энергии",13,19),(73,"E1+1",5,"Энергия активная прямая (1-ая получасовка)",7,15),(74,"E1-1",5,"Энергия активная обратная (1-ая получасовка)",7,15),(75,"R1+1",5,"Энергия реактивная прямая(1-ая получасовка)",13,19),(76,"R1-1",5,"Энергия реактивная обратная(1-ая получасовка)",13,19),(77,"E1+2",5,"Энергия активная прямая(2-ая получасовка)",7,15),(78,"E1-2",5,"Энергия активная обратная(2-ая получасовка)",7,15),(79,"R1+2",5,"Энергия реактивная прямая(2-ая получасовка)",13,19),(80,"R1-2",5,"Энергия реактивная обратная(2-ая получасовка)",13,19),(81,"∆T",1,"разница температуры",1,2),(82,"Q1min",1,"количество тепловой энергии за период, в течение которого объемный расход пара был меньше допустимого минимального значения",3,11),(83,"Q1max",1,"количество тепловой энергии за период, в течение которого объемный расход пара был больше допустимого максимального значения",3,11),(84,"Q2min",1,"количество тепловой энергии за период, в течение которого объемный расход пара был меньше допустимого минимального значения",3,11),(85,"Q2max",1,"количество тепловой энергии за период, в течение которого объемный расход пара был больше допустимого максимального значения",3,11),(9000,"∆V1",7,"разница между объемами, прошедшими через подающий и обратный трубопроводы",2,4),(9001,"∆V2",7,"разница между объемами, прошедшими через подающий и обратный трубопроводы",2,4),(9002,"∆V3",7,"разница между объемами, прошедшими через подающий и обратный трубопроводы",2,4),(9003,"TypeArch",6,"Тип архива",11,null),(9004,"TimeArch",6,"Время архива",12,null),(9005,"ProtoVR",6,"Версия протокола передачи
",14,null),(9006,"NodeSerialNum",6,"null",15,null),(9007,"SoftVersion",6,"null",16,null),(9008,"InDevType",6,"",17,null),(9009,"ArchAllowed",6,"null",18,null),(9010,"BatLevel",6,"null",19,null),(9011,"InDevType2",6,"null",20,null),(9012,"Serial",6,"null",15,null),(9013,"Unit",6,"null",22,null),(9014,"DeltaNSN",6,"null",23,null),(9015,"ConStatusFlags",6,"null",24,null),(9016,"EventMaskFlags",6,"null",25,null),(9017,"DevTime",6,"null",26,null),(9018,"TimeZone",6,"null",27,null),(9019,"OffsetTime",6,"null",28,null),(9020,"TxPeriod",6,"null",29,null),(9021,"ArchFlags",6,"null",30,null),(9022,"MainMsgCnt",6,"null",31,null),(9023,"MMsg1",6,"null",32,null),(9024,"MMsg2",6,"null",32,null),(9025,"MMsg3",6,"null",32,null),(9026,"MMsg4",6,"null",32,null),(9027,"MMsg5",6,"null",32,null),(9028,"MMsg6",6,"null",32,null),(9029,"DeltaTime",6,"null",33,null),(9030,"ModBusAddr",6,"null",34,null),(9031,"RepDate",6,"null",35,null),(9032,"JoinParams",6,"null",36,null),(9033,"DN2Freq",6,"null",37,null),(9034,"Port",6,"null",38,null),(9035,"TxAtts",6,"null",39,null),(9036,"ADRparam",6,"null",40,null),(9037,"CFlags",6,"null",41,null),(9038,"LogCode",6,"null",42,null),(9039,"∆Vback",7,"Накопленный обратный объем",2,4),(9040,"ImplementTime",6,"Время прибора",43,null);

insert into unit(id,name,rvariable_id,multiplier) values
(2,"°C",1,1),(4,"м3",2,1),(5,"кг",3,0.001),(6,"т",3,1),(8,"МПа",4,1),(9,"КгС/См2",4,0.0980665),(10,"МДж",5,0.0002388),(11,"Гкал",5,1),(12,"ГДж",5,0.2388),(13,"Ккал",5,1.0e-07),(14,"КВт/час",7,1),(15,"Вт/час",7,0.001),(16,"л",2,0.001),(17,"ч",6,1),(18,"МВт/час",7,1000),(19,"ВАр/час",13,0.001),(20,"КВАр/час",13,1),(21,"МВАр/час",13,1000),(22,"100гр.",2,0.0001);

insert into dconf(id,vr,dmodels,packet_type) values
(20,"1.8","",2),(22,"1.8,2.0","",2),(33,"2.0","",2),(65,"2.0","",2),(256,"2.0"," ",2),(257,"2.0","",2),(258,"2.0","",2),(600,"1.8","306,307,308",1),(601,"1.8","306,307,308",1),(602,"1.8","306,307,308",1),(603,"1.8","306,307,308",1),(604,"1.8","306,307,308",1),(605,"1.8","306,307,308",1),(606,"1.8","306,307,308",1),(607,"1.8","306,307,308",1),(608,"1.8","306,307,308",1),(609,"1.8","306,307,308",1),(610,"1.8","306,307,308",1),(611,"1.8","306,307,308",1),(612,"1.8","306,307,308",1),(613,"1.8","306,307,308",1),(622,"1.8","213",1),(644,"1.8","926",1),(645,"2.0","926",1),(769,"1.8","306,307,308",1),(800,"2.0","306,307,308",1),(801,"2.0","306,307,308",1),(804,"2.0","306,307,308",1),(805,"2.0","306,307,308",1),(806,"2.0","306,307,308",1),(807,"2.0","306,307,308",1),(808,"2.0","306,307,308",1),(809,"2.0","306,307,308",1),(810,"2.0","306,307,308",1),(811,"2.0","306,307,308",1),(812,"2.0","306,307,308",1),(813,"2.0","306,307,308",1),(818,"2.0","306,307,308",1),(822,"2.0","213",1),(823,"2.0","223",1),(900,"2.0","",1),(902,"2.0","",1);

insert into dconf_ext(id,code,`index`,resource_id,rvariable_id,rvalue_id,len,type_data,little_endian,is_sensor,unit_id) values
(1,622,1,6,10,null,2,1,1,0,null),(2,622,3,6,11,9003,1,11,1,0,null),(3,622,4,6,12,9004,4,17,1,0,null),(4,622,8,3,5,14,4,4,1,0,null),(5,622,12,3,2,8,4,4,1,0,null),(6,622,16,3,3,5,4,4,1,0,null),(7,622,20,3,1,1,4,4,1,0,null),(8,622,24,3,1,2,4,4,1,0,null),(9,622,28,3,1,3,4,4,1,0,null),(10,622,32,7,2,9000,4,4,1,1,null),(11,622,36,7,2,9001,4,4,1,1,null),(12,622,40,7,2,9002,4,4,1,1,null),(13,622,44,3,9,16,4,15,1,0,null),(14,622,48,3,6,15,4,2,1,0,null),(15,645,1,6,10,null,2,8,1,0,null),(16,645,3,6,11,9003,1,11,1,0,null),(17,645,4,6,12,9004,4,17,1,0,null),(18,645,10,7,2,9000,4,9,1,1,22),(19,644,1,6,10,null,2,8,1,0,null),(20,644,3,6,11,9003,1,11,1,0,null),(21,644,4,6,12,9004,4,17,1,0,null),(22,644,8,6,9,16,1,15,1,0,null),(23,644,9,7,2,9000,4,2,1,1,16),(24,805,1,6,10,null,2,1,1,0,null),(25,805,3,6,11,9003,1,11,1,0,null),(26,805,4,6,12,9004,4,17,1,0,null),(27,805,8,3,6,59,4,2,1,0,null),(28,805,12,3,6,60,4,2,1,0,null),(29,805,16,3,6,63,4,2,1,0,null),(30,805,20,3,6,62,4,2,1,0,null),(31,805,24,3,6,64,4,2,1,0,null),(32,809,1,6,10,null,2,1,1,0,null),(33,809,3,6,11,9003,1,11,1,0,null),(34,809,4,6,12,9004,4,17,1,0,null),(35,809,8,1,2,18,4,4,1,1,null),(36,809,12,1,2,43,4,4,1,1,null),(37,809,16,1,2,44,4,4,1,0,null),(38,809,20,1,1,81,4,4,1,0,null),(39,809,24,1,4,19,4,4,1,1,null),(40,809,28,1,4,39,4,4,1,1,null),(41,809,32,1,6,65,4,2,1,0,null),(42,809,36,1,6,66,4,2,1,0,null),(43,809,40,1,6,67,4,2,1,0,null),(44,809,44,1,6,61,4,2,1,0,null),(45,809,48,1,6,68,4,2,1,0,null),(46,601,1,6,10,null,2,1,1,0,null),(47,601,3,6,11,9003,1,11,1,0,null),(48,601,4,6,12,9004,4,17,1,0,null),(49,601,8,3,3,9,4,4,1,0,null),(50,601,12,3,1,3,4,4,1,0,null),(51,601,16,3,5,55,4,4,1,0,null),(52,601,20,3,5,56,4,4,1,0,null),(53,601,24,3,5,57,4,4,1,0,null),(54,601,28,3,5,58,4,4,1,0,null),(55,601,32,3,6,59,4,2,1,0,null),(56,601,36,3,6,60,4,2,1,0,null),(57,601,40,3,6,63,4,2,1,0,null),(58,601,44,3,6,62,4,2,1,0,null),(59,601,48,3,6,64,4,2,1,0,null),(60,609,1,6,10,null,2,1,1,0,null),(61,609,3,6,11,9003,1,11,1,0,null),(62,609,4,6,12,9004,4,17,1,0,null),(63,609,8,1,5,41,4,4,1,0,null),(64,609,12,1,5,40,4,4,1,0,null),(65,609,16,1,2,18,4,4,1,1,null),(66,609,20,1,2,43,4,4,1,1,null),(67,609,24,1,2,44,4,4,1,0,null),(68,609,28,1,6,65,4,2,1,0,null),(69,609,32,1,6,66,4,2,1,0,null),(70,609,36,1,6,67,4,2,1,0,null),(71,609,40,1,6,61,4,2,1,0,null),(72,609,44,1,6,68,4,2,1,0,null),(73,603,1,6,10,null,2,1,1,0,null),(74,603,3,6,11,9003,1,11,1,0,null),(75,603,4,6,12,9004,4,17,1,0,null),(76,603,8,3,2,8,4,4,1,0,null),(77,603,12,3,1,3,4,4,1,0,null),(78,603,16,3,5,55,4,4,1,0,null),(79,603,20,3,5,56,4,4,1,0,null),(80,603,24,3,5,57,4,4,1,0,null),(81,603,28,3,5,58,4,4,1,0,null),(82,603,32,3,6,59,4,2,1,0,null),(83,603,36,3,6,60,4,2,1,0,null),(84,603,40,3,6,63,4,2,1,0,null),(85,603,44,3,6,62,4,2,1,0,null),(86,603,48,3,6,64,4,2,1,0,null),(87,608,1,6,10,null,2,1,1,0,null),(88,608,3,6,11,9003,1,6,1,0,null),(89,608,4,6,12,9004,4,17,1,0,null),(90,608,8,1,5,42,4,4,1,0,null),(91,608,12,1,3,45,4,4,1,0,null),(92,608,16,1,3,46,4,4,1,0,null),(93,608,20,1,3,47,4,4,1,0,null),(94,608,24,1,1,17,4,4,1,1,null),(95,608,28,1,1,38,4,4,1,1,null),(96,608,32,1,4,19,4,4,1,1,null),(97,608,36,1,4,39,4,4,1,1,null),(98,608,40,1,9,34,4,15,1,0,null),(99,608,44,1,6,20,4,2,1,0,null),(100,808,1,6,10,null,2,1,1,0,null),(101,808,3,6,11,9003,1,6,1,0,null),(102,808,4,6,12,9004,4,17,1,0,null),(103,808,8,1,3,45,4,4,1,0,null),(104,808,12,1,3,46,4,4,1,0,null),(105,808,16,1,3,47,4,4,1,0,null),(106,808,20,1,1,17,4,4,1,1,null),(107,808,24,1,1,38,4,4,1,1,null),(108,808,28,1,5,40,4,4,1,0,null),(109,808,32,1,5,41,4,4,1,0,null),(110,808,36,1,5,42,4,4,1,0,null),(111,808,40,1,9,34,4,15,1,0,null),(112,808,44,1,6,20,4,2,1,0,null),(113,804,1,6,10,null,2,1,1,0,null),(114,804,3,6,11,9003,1,11,1,0,null),(115,804,4,6,12,9004,4,17,1,0,null),(116,804,8,3,2,4,4,4,1,1,null),(117,804,12,3,3,5,4,4,1,1,null),(118,804,16,3,1,1,4,4,1,1,null),(119,804,20,3,1,2,4,4,1,1,null),(120,804,24,3,1,3,4,4,1,0,null),(121,804,28,3,4,10,4,4,1,1,null),(122,804,32,3,4,11,4,4,1,1,null),(123,804,36,3,5,14,4,4,1,0,null),(124,804,40,3,9,16,4,15,1,0,null),(125,804,44,3,6,15,4,2,1,0,null),(126,606,1,6,10,null,2,1,1,0,null),(127,606,3,6,11,9003,1,11,1,0,null),(128,606,4,6,12,9004,4,17,1,0,null),(129,606,8,3,3,5,4,4,1,1,null),(130,606,12,3,3,7,4,4,1,1,null),(131,606,16,3,3,9,4,4,1,0,null),(132,606,20,3,1,1,4,4,1,1,null),(133,606,24,3,1,2,4,4,1,1,null),(134,606,28,3,1,3,4,4,1,0,null),(135,606,32,3,4,10,4,4,1,1,null),(136,606,36,3,4,11,4,4,1,1,null),(137,606,40,3,5,14,4,4,1,0,null),(138,606,44,3,9,16,4,15,1,0,null),(139,606,48,3,6,20,4,2,1,0,null),(140,801,1,6,10,null,2,1,1,0,null),(141,801,3,6,11,9003,1,11,1,0,null),(142,801,4,6,12,9004,4,17,1,0,null),(143,801,8,3,2,4,4,4,1,1,null),(144,801,12,3,2,6,4,4,1,1,null),(145,801,16,3,2,8,4,4,1,0,null),(146,801,20,3,1,3,4,4,1,0,null),(147,801,24,3,4,10,4,4,1,1,null),(148,801,28,3,4,11,4,4,1,1,null),(149,801,32,3,6,59,4,2,1,0,null),(150,801,36,3,6,60,4,2,1,0,null),(151,801,40,3,6,63,4,2,1,0,null),(152,801,44,3,6,62,4,2,1,0,null),(153,801,48,3,6,64,4,2,1,0,null),(154,813,1,6,10,null,2,1,1,0,null),(155,813,3,6,11,9003,1,11,1,0,null),(156,813,4,6,12,9004,4,17,1,0,null),(157,813,8,2,1,21,4,4,1,1,null),(158,813,12,2,4,23,4,4,1,1,null),(159,813,16,2,6,50,4,2,1,0,null),(160,813,20,2,6,51,4,2,1,0,null),(161,813,24,2,6,52,4,2,1,0,null),(162,813,28,2,6,53,4,2,1,0,null),(163,813,32,2,6,54,4,2,1,0,null),(164,813,36,2,9,35,4,15,1,0,null),(165,813,40,2,6,24,4,2,1,0,null),(166,810,1,6,10,null,2,1,1,0,null),(167,810,3,6,11,9003,1,11,1,0,null),(168,810,4,6,12,9004,4,17,1,0,null),(169,810,8,1,5,42,4,4,1,1,null),(170,810,12,1,2,44,4,4,1,1,null),(171,810,16,1,3,47,4,4,1,1,null),(172,810,20,1,1,17,4,4,1,1,null),(173,810,24,1,4,19,4,4,1,1,null),(174,810,28,1,9,34,4,15,1,0,null),(175,810,32,1,6,20,4,2,1,0,null),(176,818,1,1,2,18,4,4,1,1,null),(177,818,5,1,2,43,4,4,1,1,null),(178,818,9,1,2,44,4,4,1,0,null),(179,818,13,1,3,45,4,4,1,0,null),(180,818,17,1,3,46,4,4,1,0,null),(181,818,21,1,3,47,4,4,1,0,null),(182,818,25,1,1,17,4,4,1,1,null),(183,818,29,1,1,38,4,4,1,1,null),(184,818,33,1,1,81,4,4,1,0,null),(185,818,37,1,4,19,4,4,1,1,null),(186,818,41,1,4,39,4,4,1,1,null),(187,818,45,1,5,40,4,4,1,0,null),(188,818,49,1,5,41,4,4,1,0,null),(189,818,53,1,5,42,4,4,1,0,null),(190,818,57,1,6,65,4,2,1,0,null),(191,818,61,1,6,66,4,2,1,0,null),(192,818,65,1,6,67,4,2,1,0,null),(193,818,69,1,6,61,4,2,1,0,null),(194,818,73,1,6,68,4,2,1,0,null),(195,818,77,1,9,34,4,15,1,0,null),(196,818,81,1,6,20,4,2,1,0,null),(197,607,1,6,10,null,2,1,1,0,null),(198,607,3,6,11,9003,1,11,1,0,null),(199,607,4,6,12,9004,4,17,1,0,null),(200,607,8,3,2,4,4,4,1,1,null),(201,607,12,3,2,6,4,4,1,1,null),(202,607,16,3,2,8,4,4,1,0,null),(203,607,20,3,5,55,4,4,1,0,null),(204,607,24,3,5,56,4,4,1,0,null),(205,607,28,3,6,59,4,2,1,0,null),(206,607,32,3,6,60,4,2,1,0,null),(207,607,36,3,6,63,4,2,1,0,null),(208,607,40,3,6,62,4,2,1,0,null),(209,607,44,3,6,64,4,2,1,0,null),(210,812,1,6,10,null,2,1,1,0,null),(211,812,3,6,11,9003,1,11,1,0,null),(212,812,4,6,12,9004,4,17,1,0,null),(213,812,8,2,2,22,4,4,1,1,null),(214,812,12,2,4,23,4,4,1,1,null),(215,812,16,2,6,50,4,2,1,0,null),(216,812,20,2,6,51,4,2,1,0,null),(217,812,24,2,6,52,4,2,1,0,null),(218,812,28,2,6,53,4,2,1,0,null),(219,812,32,2,6,54,4,2,1,0,null),(220,812,36,2,9,35,4,15,1,0,null),(221,812,40,2,6,24,4,2,1,0,null),(222,807,1,6,10,null,2,1,1,0,null),(223,807,3,6,11,9003,1,11,1,0,null),(224,807,4,6,12,9004,4,17,1,0,null),(225,807,8,3,2,4,4,4,1,1,null),(226,807,12,3,2,6,4,4,1,1,null),(227,807,16,3,2,8,4,4,1,0,null),(228,807,20,3,5,55,4,4,1,0,null),(229,807,24,3,5,56,4,4,1,0,null),(230,807,28,3,6,59,4,2,1,0,null),(231,807,32,3,6,60,4,2,1,0,null),(232,807,36,3,6,63,4,2,1,0,null),(233,807,40,3,6,62,4,2,1,0,null),(234,807,44,3,6,64,4,2,1,0,null),(235,600,1,6,10,null,2,1,1,0,null),(236,600,3,6,11,9003,1,11,1,0,null),(237,600,4,6,12,9004,4,17,1,0,null),(238,600,8,3,3,5,4,4,1,1,null),(239,600,12,3,3,7,4,4,1,1,null),(240,600,16,3,1,1,4,4,1,1,null),(241,600,20,3,1,2,4,4,1,1,null),(242,600,24,3,4,10,4,4,1,1,null),(243,600,28,3,4,11,4,4,1,1,null),(244,600,32,3,5,12,4,4,1,0,null),(245,600,36,3,5,13,4,4,1,0,null),(246,600,40,3,5,14,4,4,1,0,null),(247,600,44,3,9,16,4,15,1,0,null),(248,600,48,3,6,15,4,2,1,0,null),(249,811,1,6,10,null,2,1,1,0,null),(250,811,3,6,11,9003,1,11,1,0,null),(251,811,4,6,12,9004,4,17,1,0,null),(252,811,8,1,6,65,4,2,1,0,null),(253,811,12,1,6,66,4,2,1,0,null),(254,811,16,1,6,67,4,2,1,0,null),(255,811,20,1,6,61,4,2,1,0,null),(256,811,24,1,6,68,4,2,1,0,null),(257,902,1,6,10,null,2,8,1,0,null),(258,902,3,6,11,9003,1,11,1,0,null),(259,902,4,6,12,9004,4,17,1,0,null),(260,902,8,5,7,73,4,9,1,0,15),(261,902,12,5,7,74,4,9,1,0,15),(262,902,16,5,13,75,4,9,1,0,19),(263,902,20,5,13,76,4,9,1,0,19),(264,902,25,5,7,77,4,9,1,0,15),(265,902,29,5,7,78,4,9,1,0,15),(266,902,33,5,13,79,4,9,1,0,19),(267,902,37,5,13,80,4,9,1,0,19),(268,611,1,6,10,null,2,1,1,0,null),(269,611,3,6,11,9003,1,11,1,0,null),(270,611,4,6,12,9004,4,17,1,0,null),(271,611,8,1,6,65,4,2,1,0,null),(272,611,12,1,6,66,4,2,1,0,null),(273,611,16,1,6,67,4,2,1,0,null),(274,611,20,1,6,61,4,2,1,0,null),(275,611,24,1,6,68,4,2,1,0,null),(276,610,1,6,10,null,2,1,1,0,null),(277,610,3,6,11,9003,1,11,1,0,null),(278,610,4,6,12,9004,4,17,1,0,null),(279,610,8,1,5,42,4,4,1,0,null),(280,610,12,1,2,44,4,4,1,0,null),(281,610,16,1,3,47,4,4,1,0,null),(282,610,20,1,1,38,4,4,1,1,null),(283,610,24,1,4,19,4,4,1,1,null),(284,610,28,1,9,34,4,15,1,0,null),(285,610,32,1,6,20,4,2,1,0,null),(286,806,1,6,10,null,2,1,1,0,null),(287,806,3,6,11,9003,1,11,1,0,null),(288,806,4,6,12,9004,4,17,1,0,null),(289,806,8,3,3,5,4,4,1,1,null),(290,806,12,3,3,7,4,4,1,1,null),(291,806,16,3,3,9,4,4,1,0,null),(292,806,20,3,1,1,4,4,1,1,null),(293,806,24,3,1,2,4,4,1,1,null),(294,806,28,3,1,3,4,4,1,0,null),(295,806,32,3,4,10,4,4,1,1,null),(296,806,36,3,4,11,4,4,1,1,null),(297,806,40,3,5,14,4,4,1,0,null),(298,806,44,3,9,16,4,15,1,0,null),(299,806,48,3,6,15,4,2,1,0,null),(300,605,1,6,10,null,2,1,1,0,null),(301,605,3,6,11,9003,1,11,1,0,null),(302,605,4,6,12,9004,4,17,1,0,null),(303,605,8,3,5,55,4,4,1,0,null),(304,605,12,3,5,56,4,4,1,0,null),(305,605,16,3,6,59,4,2,1,0,null),(306,605,20,3,6,60,4,2,1,0,null),(307,605,24,3,6,63,4,2,1,0,null),(308,605,28,3,6,62,4,2,1,0,null),(309,605,32,3,6,64,4,2,1,0,null),(310,604,1,6,10,null,2,1,1,0,null),(311,604,3,6,11,9003,1,11,1,0,null),(312,604,4,6,12,9004,4,17,1,0,null),(313,604,8,3,2,8,4,4,1,0,null),(314,604,12,3,3,9,4,4,1,0,null),(315,604,16,3,1,1,4,4,1,1,null),(316,604,20,3,1,2,4,4,1,1,null),(317,604,24,3,1,3,4,4,1,0,null),(318,604,28,3,4,10,4,4,1,1,null),(319,604,32,3,4,11,4,4,1,1,null),(320,604,36,3,5,14,4,4,1,0,null),(321,604,40,3,9,16,4,15,1,0,null),(322,604,44,3,6,15,4,2,1,0,null),(323,900,1,6,10,null,2,8,1,0,null),(324,900,3,6,11,9003,1,11,1,0,null),(325,900,4,6,12,9004,4,17,1,0,null),(326,900,8,5,7,49,4,9,1,0,15),(327,900,12,5,7,30,4,9,1,0,15),(328,900,16,5,7,31,4,9,1,0,15),(329,900,20,5,7,48,4,9,1,0,15),(330,900,28,5,13,72,4,9,1,0,19),(331,900,32,5,13,69,4,9,1,0,19),(332,900,36,5,13,70,4,9,1,0,19),(333,900,40,5,13,71,4,9,1,0,19),(334,612,1,6,10,null,2,1,1,0,null),(335,612,3,6,11,9003,1,11,1,0,null),(336,612,4,6,12,9004,4,17,1,0,null),(337,612,8,2,2,22,4,4,1,1,null),(338,612,12,2,4,23,4,4,1,1,null),(339,612,16,2,6,50,4,2,1,0,null),(340,612,20,2,6,51,4,2,1,0,null),(341,612,24,2,6,52,4,2,1,0,null),(342,612,28,2,6,53,4,2,1,0,null),(343,612,32,2,6,54,4,2,1,0,null),(344,612,36,2,9,35,4,15,1,0,null),(345,612,40,2,6,24,4,2,1,0,null),(346,613,1,6,10,null,2,1,1,0,null),(347,613,3,6,11,9003,1,11,1,0,null),(348,613,4,6,12,9004,4,17,1,0,null),(349,613,8,2,1,21,4,4,1,1,null),(350,613,12,2,4,23,4,4,1,1,null),(351,613,16,2,6,50,4,2,1,0,null),(352,613,20,2,6,51,4,2,1,0,null),(353,613,24,2,6,52,4,2,1,0,null),(354,613,28,2,6,53,4,2,1,0,null),(355,613,32,2,6,54,4,2,1,0,null),(356,613,36,2,9,35,4,15,1,0,null),(357,613,40,2,6,24,4,2,1,0,null),(358,602,1,6,10,null,2,1,1,0,null),(359,602,3,6,11,9003,1,11,1,0,null),(360,602,4,6,12,9004,4,17,1,0,null),(361,602,8,3,2,4,4,4,1,1,null),(362,602,12,3,2,6,4,4,1,1,null),(363,602,16,3,1,1,4,4,1,1,null),(364,602,20,3,1,2,4,4,1,1,null),(365,602,24,3,4,10,4,4,1,1,null),(366,602,28,3,4,11,4,4,1,1,null),(367,602,32,3,5,12,4,4,1,0,null),(368,602,36,3,5,13,4,4,1,0,null),(369,602,40,3,5,14,4,4,1,0,null),(370,602,44,3,9,16,4,15,1,0,null),(371,602,48,3,6,15,4,2,1,0,null),(372,769,3,6,10,null,2,8,1,0,null),(373,769,17,6,12,9004,2,14,1,0,null),(374,769,21,5,7,49,4,2,1,0,null),(375,769,25,5,7,30,4,2,1,0,null),(376,769,29,5,7,31,4,2,1,0,null),(377,823,1,6,10,null,2,1,1,0,null),(378,823,3,6,11,9003,1,11,1,0,null),(379,823,4,6,12,9004,4,17,1,0,null),(380,823,8,3,5,14,4,4,1,0,null),(381,823,12,3,2,8,4,4,1,0,null),(382,823,16,3,3,9,4,4,1,0,null),(383,823,20,3,1,1,4,4,1,0,null),(384,823,24,3,1,2,4,4,1,0,null),(385,823,28,3,1,3,4,4,1,0,null),(386,823,32,7,2,9000,4,4,1,1,null),(387,823,36,7,2,9001,4,4,1,1,null),(388,823,40,7,2,9002,4,4,1,1,null),(389,823,44,3,9,16,4,15,1,0,null),(390,823,48,3,6,15,4,2,1,0,null),(391,822,1,6,10,null,2,1,1,0,null),(392,822,3,6,11,9003,1,6,1,0,null),(393,822,4,6,12,9004,4,17,1,0,null),(394,822,8,3,5,14,4,4,1,0,null),(395,822,12,3,2,8,4,4,1,0,null),(396,822,16,3,3,5,4,4,1,0,null),(397,822,20,3,1,1,4,4,1,0,null),(398,822,24,3,1,2,4,4,1,0,null),(399,822,28,3,1,3,4,4,1,0,null),(400,822,32,7,2,9000,4,4,1,1,null),(401,822,36,7,2,9001,4,4,1,1,null),(402,822,40,7,2,9002,4,4,1,1,null),(403,822,44,3,9,16,4,15,1,0,null),(404,822,48,3,6,15,4,2,1,0,null),(405,800,1,6,10,null,2,1,1,0,null),(406,800,3,6,11,9003,1,11,1,0,null),(407,800,4,6,12,9004,4,17,1,0,null),(408,800,8,3,3,5,4,4,1,0,null),(409,800,12,3,3,7,4,4,1,0,null),(410,800,16,3,3,9,4,4,1,0,null),(411,800,20,3,1,1,4,4,1,1,null),(412,800,24,3,1,2,4,4,1,1,null),(413,800,28,3,5,12,4,4,1,0,null),(414,800,32,3,5,13,4,4,1,0,null),(415,800,36,3,5,14,4,4,1,0,null),(416,800,40,3,9,16,4,15,1,0,null),(417,800,44,3,6,15,4,2,1,0,null),(418,256,1,6,10,null,2,1,1,0,null),(419,256,3,6,14,9005,1,18,1,0,null),(420,256,4,6,15,9006,4,9,1,0,null),(421,256,8,6,16,9007,2,8,1,0,null),(422,256,10,6,17,9008,2,8,1,0,null),(423,256,12,6,18,9009,1,19,1,0,null),(424,256,13,6,19,9010,1,11,1,0,null),(425,256,14,6,20,9011,2,8,1,0,null),(426,256,16,6,21,9012,8,10,1,0,null),(427,256,24,6,22,9013,1,11,1,0,null),(428,256,25,6,23,9014,2,1,1,0,null),(429,256,27,6,24,9015,2,20,1,0,null),(430,257,1,6,10,null,2,1,1,0,null),(431,257,3,6,25,9016,2,21,1,0,null),(432,257,5,6,26,9017,4,12,1,0,null),(433,257,9,6,27,9018,1,23,1,0,null),(434,257,10,6,28,9019,2,1,1,0,null),(435,257,12,6,29,9020,2,8,1,0,null),(436,257,14,6,30,9021,1,19,1,0,null),(437,257,15,6,31,9022,1,11,1,0,null),(438,257,16,6,32,9023,2,8,1,0,null),(439,257,18,6,32,9024,2,8,1,0,null),(440,257,20,6,32,9025,2,8,1,0,null),(441,257,22,6,32,9026,2,8,1,0,null),(442,257,24,6,32,9027,2,8,1,0,null),(443,257,26,6,32,9028,2,8,1,0,null),(444,645,8,6,25,9016,2,21,1,0,null),(445,22,1,6,10,null,2,1,1,0,null),(446,22,3,6,33,9029,2,1,1,0,null),(447,20,1,6,10,null,2,1,1,0,null),(448,20,3,6,17,9008,2,8,1,0,null),(449,20,5,6,15,9006,4,9,1,0,null),(450,20,9,6,26,9017,6,12,1,0,null),(451,20,15,6,28,9019,4,2,1,0,null),(452,20,19,6,29,9020,4,2,1,0,null),(453,20,23,6,14,9005,1,18,1,0,null),(454,20,24,6,20,9011,2,8,1,0,null),(455,20,26,6,21,9012,6,24,1,0,null),(456,20,32,6,34,9030,1,11,1,0,null),(457,20,33,6,23,9014,2,1,1,0,null),(458,20,35,6,30,9021,1,19,1,0,null),(459,20,36,6,31,9022,1,11,1,0,null),(460,20,37,6,32,9023,2,8,1,0,null),(461,20,39,6,32,9024,2,8,1,0,null),(462,20,41,6,32,9025,2,8,1,0,null),(463,20,43,6,32,9026,2,8,1,0,null),(464,20,45,6,32,9027,2,8,1,0,null),(465,20,47,6,32,9028,2,8,1,0,null),(466,20,49,6,27,9018,1,23,1,0,null),(467,20,50,6,35,9031,1,11,1,0,null),(468,33,1,6,10,null,2,1,1,0,null),(469,33,3,6,36,9032,1,11,1,0,null),(470,33,4,6,37,9033,3,26,1,0,null),(471,33,7,6,38,9034,1,11,1,0,null),(472,33,8,6,39,9035,1,11,1,0,null),(473,33,9,6,40,9036,1,11,1,0,null),(474,33,10,6,41,9037,1,25,1,0,null),(475,65,1,6,10,null,2,1,1,0,null),(476,65,3,6,42,9038,4,21,1,0,null),(477,65,7,6,26,9017,4,12,1,0,null),(478,645,14,7,2,9039,4,9,1,1,22),(479,258,1,6,10,null,2,1,1,0,null),(480,258,3,6,43,9040,4,12,1,0,null),(481,258,7,6,26,9017,4,12,1,0,null);

insert into flags(id,vr,note,byte,device,type,nbit,ext_id) values
(1,"","ОШИБКА — расход ниже минимального порога","0x00,0x00,0x00,0x01","306,307,308",1,0,null),(2,"","ОШИБКА — расход выше максимального порога","0x00,0x00,0x00,0x02","306,307,308",1,1,null),(3,"","ОШИБКА — отсутствие напряжения питания у расходомера, получающего питание от сети ~220В","0x00,0x00,0x00,0x04","306,307,308",1,2,null),(4,"","ОШИБКА — по полученным данным невозможно рассчитать массу теплоносителя","0x00,0x00,0x00,0x08","306,307,308",1,3,null),(5,"","ПРЕДУПРЕЖДЕНИЕ — расход ниже минимального порога","0x00,0x00,0x00,0x10","306,307,308",1,4,null),(6,"","ПРЕДУПРЕЖДЕНИЕ — расход выше максимального порога","0x00,0x00,0x00,0x20","306,307,308",1,5,null),(7,"","ПРЕДУПРЕЖДЕНИЕ — отсутствие напряжения питания у расходомера, получающего питание от сети ~220В","0x00,0x00,0x00,0x40","306,307,308",1,6,null),(8,"","ПРЕДУПРЕЖДЕНИЕ — небаланс часовой разности масс","0x00,0x00,0x00,0x80","306,307,308",1,7,null),(9,"","ОШИБКА — температура ниже минимального порога","0x00,0x00,0x01,0x00","306,307,308",1,8,null),(10,"","ОШИБКА — температура выше максимального порога","0x00,0x00,0x02,0x00","306,307,308",1,9,null),(11,"","ОШИБКА по температуре — обрыв в датчике температуры","0x00,0x00,0x04,0x00","306,307,308",1,10,null),(12,"","ПРЕДУПРЕЖДЕНИЕ — температура ниже минимального порога","0x00,0x00,0x10,0x00","306,307,308",1,12,null),(13,"","ПРЕДУПРЕЖДЕНИЕ — температура выше максимального порога","0x00,0x00,0x20,0x00","306,307,308",1,13,null),(14,"","ПРЕДУПРЕЖДЕНИЕ по температуре — обрыв в датчике температуры","0x00,0x00,0x40,0x00","306,307,308",1,14,null),(15,"","ОШИБКА — давление ниже минимального порога","0x00,0x01,0x00,0x00","306,307,308",1,16,null),(16,"","ОШИБКА — давление выше максимального порога","0x00,0x02,0x00,0x00","306,307,308",1,17,null),(17,"","ОШИБКА по давлению — обрыв в датчике давления","0x00,0x04,0x00,0x00","306,307,308",1,18,null),(18,"","ПРЕДУПРЕЖДЕНИЕ — давление ниже минимального порога","0x00,0x10,0x00,0x00","306,307,308",1,20,null),(19,"","ПРЕДУПРЕЖДЕНИЕ — давление выше максимального порога","0x00,0x20,0x00,0x00","306,307,308",1,21,null),(20,"","ПРЕДУПРЕЖДЕНИЕ по давлению — обрыв в датчике давления","0x00,0x40,0x00,0x00","306,307,308",1,22,null),(21,"","ОШИБКА — по полученным данным невозможно рассчитать энергию теплоносителя","0x04,0x00,0x00,0x00","306,307,308",1,26,null),(22,"","ПРЕДУПРЕЖДЕНИЕ — рассчитанная энергия отрицательна","0x40,0x00,0x00,0x00","306,307,308",1,30,null),(23,"","Авария Gvtp – невозможно посчитать массу воды","0x00,0x00,0x00,0x04","213,223",1,2,null),(24,"","Авария V - Отсутствие воды","0x00,0x00,0x00,0x08","213,223",1,3,null),(25,"","НС Vmin - расход теплоносителя ниже мин. порога","0x00,0x00,0x00,0x10","213,223",1,4,null),(26,"","НС Vmax - расход теплоносителя выше макс. порога","0x00,0x00,0x00,0x20","213,223",1,5,null),(27,"","Авария Тmin - температура теплоносителя вышла за min","0x00,0x00,0x01,0x00","213,223",1,8,null),(28,"","Авария Тmax - температура теплоносителя вышла за max","0x00,0x00,0x02,0x00","213,223",1,9,null),(29,"","Авария Т - обрыв или КЗ в датчике температуры","0x00,0x00,0x04,0x00","213,223",1,10,null),(30,"","Авария Тdt - разность температур меньше допустимой (3гр) WarningTmin","0x00,0x00,0x08,0x00","213,223",1,11,null),(31,"","температура теплоносителя вышла за min","0x00,0x00,0x10,0x00","213,223",1,12,null),(32,"","температура теплоносителя вышла за max","0x00,0x00,0x20,0x00","213,223",1,13,null),(33,"","разность температур меньше допустимой 3гр Цельсия","0x00,0x00,0x80,0x00","213,223",1,15,null),(34,"","Авария невозможно рассчитать тепловую энергию","0x00,0x01,0x00,0x00","213,223",1,16,null),(35,"","Авария теплосчетчика - Аппаратный сбой, ОШИБКА","0x00,0x04,0x00,0x00","213,223",1,18,null),(36,"","Очистка архивов - Очистка архивов, сообщение","0x40,0x00,0x00,0x00","213,223",1,30,null),(37,"","зафиксировано вмешательство в работу (магнитное поле)","","926",1,2,null),(38,"","производилась коррекция показаний счетчика","","926",1,5,null),(39,"","зафиксировано отделение радиоголовки от счетчика","","926",1,6,null),(40,"","Механическое вмешательство в работу (вскрытие).","0x00,0x01","",2,0,null),(41,"","Магнитное вмешательство в работу.","0x00,0x02","",2,1,null),(42,"","Выход параметра за допустимые пределы.","0x00,0x04","",2,2,null),(43,"","Аппаратная ошибка функционирования.","0x00,0x08","",2,3,null),(44,"","Коррекция измеряемого параметра.","0x01,0x00","",2,8,null),(45,"","Реверсивное потребление.","0x04,0x00","",2,10,null),(46,"","Постоянное потребление (утечка, прорыв...).","0x10,0x00","",2,12,null),(47,"","Отсутствие измеряемого параметра (воды, напряжения...)","0x20,0x00","",2,13,null),(48,"null","включение питания","0x00,0x01","",3,0,null),(49,"null","плановое подключение (раз в 4 часа)","0x00,0x02","",3,1,null),(50,"null","по инициативе пользователя (магнитный датчик)","0x00,0x04","",3,2,null),(51,"null","по инициативе пользователя (нисходящий пакет)","0x00,0x08","",3,3,null),(52,"null","по сервисной команде (или после апгрейда)","0x00,0x10","",3,4,null),(53,"null","по отсутствию приема (нет пакетов подтверждения) в течение 3 суток","0x00,0x20","",3,5,null),(54,"null","по отсутствию передачи пакетов в течение суток","0x00,0x40","",3,6,null),(55,"null","по срабатыванию охранного таймера (внутренняя ошибка прибора)","0x00,0x80","",3,7,null),(56,"null","работа в классе С","","",4,0,null),(57,"null","отправлять данные без подтверждения","","",4,1,null),(58,"null","не передавать повторно уже отправленные данные","","",4,2,null),(59,"null","постоянный вывод в сервисный порт протокола работы","","",4,3,null),(60,"null","разрешить автокалибровку часов","","",4,4,null),(61,"null","текущие значения","0x01","",5,0,5),(62,"null","почасовой интервальный архив","0x02","",5,1,6),(63,"null","посуточный интервальный архив","0x04","",5,2,7),(64,"null","помесячный интервальный архив","0x08","",5,3,8),(65,"null","помесячный интегральный архив","0x10","",5,4,9),(66,"null","почасовой интегральный архив","0x20","",5,5,14),(67,"null","посуточный интегральный архив","0x40","",5,6,15),(68,"null","минутный интервальный архив","0x80","",5,7,16);

insert into packet_error(id,vr,note,byte) values
(1,"1.8","Входной параметр величины, выходит за допустимый диапазон. Ошибка формируется при попытке установить недопустимое значение в настройки конечного устройства","0x01,0x01"),(2,"1.8","Неизвестный код функции","0x01,0x02"),(3,"1.8","Неверный формат пакета данных, определяется по длине пакета","0x01,0x03"),(4,"1.8","Команда не может быть выполнена устройством","0x01,0x04"),(5,"1.8","Таймаут","0x01,0x10"),(6,"1.8","Неверная длина ответа","0x01,0x11"),(7,"1.8","Неправильный адрес","0x01,0x12"),(8,"1.8","Неверный код запроса","0x01,0x13"),(9,"1.8","Ошибка контр. суммы","0x01,0x14"),(10,"1.8","Ошибка конфигурации","0x01,0x15"),(11,"1.8","Неверный запрос архива","0x01,0x16"),(12,"1.8","Недопустимый тип архива","0x01,0x17"),(13,"1.8","Код пакета не поддерживается","0x01,0x18"),(14,"1.8","Запрос не поддерживается","0x01,0x19"),(15,"1.8","В архиве нет запрашиваемой записи","0x01,0x1A"),(16,"1.9,2.0","Зарезервировано","0x01,0x01"),(17,"1.9,2.0","Неизвестный код функции","0x01,0x02"),(18,"1.9,2.0","Неверный формат пакета данных, определяется по длине пакета","0x01,0x03"),(19,"1.9,2.0","Команда не может быть выполнена устройством","0x01,0x04"),(20,"1.9,2.0","Таймаут","0x01,0x10"),(21,"1.9,2.0","Неверная длина ответа","0x01,0x11"),(22,"1.9,2.0","Неправильный адрес","0x01,0x12"),(23,"1.9,2.0","Неверный код запроса","0x01,0x13"),(24,"1.9,2.0","Ошибка контр. суммы","0x01,0x14"),(25,"1.9,2.0","Ошибка конфигурации","0x01,0x15"),(26,"1.9,2.0","Неверный запрос архива","0x01,0x16"),(27,"1.9,2.0","Недопустимый тип архива","0x01,0x17"),(28,"1.9,2.0","Код пакета не поддерживается","0x01,0x18"),(29,"1.9,2.0","Запрос не поддерживается","0x01,0x19"),(30,"1.9,2.0","В архиве нет запрашиваемой записи","0x01,0x1A"),(31,"1.9,2.0","Загрузки файла: Неверная длина файла","0x01,0x20"),(32,"1.9,2.0","Загрузки файла: Ошибка контр. суммы","0x01,0x21"),(33,"1.9,2.0","Загрузки файла: Запрет записи Flas","0x01,0x22"),(34,"1.9,2.0","Загрузки файла: Ошибка записи Flash","0x01,0x23"),(35,"1.9,2.0","Загрузки файла: Неверная версия ПО","0x01,0x24"),(36,"1.9,2.0","Загрузки файла: Ошибка обновления ПО","0x01,0x25"),(37,"1.9,2.0","Входной параметр 0, выходит за допустимый диапазон.","0x01,0x30"),(38,"1.9,2.0","Входной параметр 1, выходит за допустимый диапазон.","0x01,0x31"),(39,"1.9,2.0","Входной параметр 2, выходит за допустимый диапазон.","0x01,0x32"),(40,"1.9,2.0","Входной параметр 3, выходит за допустимый диапазон.","0x01,0x33"),(41,"1.9,2.0","Входной параметр 4, выходит за допустимый диапазон.","0x01,0x34"),(42,"1.9,2.0","Входной параметр 5, выходит за допустимый диапазон.","0x01,0x35"),(43,"1.9,2.0","Входной параметр 6, выходит за допустимый диапазон.","0x01,0x36"),(44,"1.9,2.0","Входной параметр 7, выходит за допустимый диапазон.","0x01,0x37"),(45,"1.9,2.0","Входной параметр 8, выходит за допустимый диапазон.","0x01,0x38"),(46,"1.9,2.0","Входной параметр 9, выходит за допустимый диапазон.","0x01,0x39"),(47,"1.9,2.0","Входной параметр 10, выходит за допустимый диапазон.","0x01,0x3A"),(48,"1.9,2.0","Входной параметр 11, выходит за допустимый диапазон.","0x01,0x3B"),(49,"1.9,2.0","Входной параметр 12, выходит за допустимый диапазон.","0x01,0x3C"),(50,"1.9,2.0","Ошибка передачи архива, тип которого не определен.","0x01,0x40"),(51,"1.9,2.0","Ошибка передачи архива мгновенного значения по расписанию.","0x01,0x45"),(52,"1.9,2.0","Ошибка передачи почасового архива по расписанию.","0x01,0x46"),(53,"1.9,2.0","Ошибка передачи посуточного архива по расписанию.","0x01,0x47"),(54,"1.9,2.0","Ошибка передачи помесячного архива по расписанию.","0x01,0x48"),(55,"1.9,2.0","Ошибка передачи помесячного интегрального архива по расписанию.","0x01,0x49"),(56,"1.9,2.0","Ошибка передачи почасового интегрального архива по расписанию.","0x01,0x4E"),(57,"1.9,2.0","Ошибка передачи посуточного интегрального архива по расписанию.","0x01,0x4F");